training_losses,training_accuracies (in %),training epoch time,training lr,test_losses,test_accuracies (in %),test epoch time
0.1532471477985382,46.95388757993941,89.27370715141296,0.01,1.6442103091875713,42.04851752021563,19.250793933868408
0.15791283547878265,45.33826994278021,87.76006197929382,0.01,1.6807269740104676,41.23989218328841,21.23455500602722
0.15777593851089478,44.83338943116796,92.17121911048889,0.01,1.5372016334533691,46.76549865229111,18.413054943084717
0.15533433854579926,45.035341635812856,81.0767080783844,0.01,1.64270277261734,39.35309973045822,18.107959032058716
0.1571366935968399,45.540222147425105,80.89603781700134,0.01,1.6296044492721558,41.37466307277628,17.962471961975098
0.15955215692520142,43.9919219118142,80.84807181358337,0.01,1.6368490807215372,41.91374663072776,21.48076605796814
0.15693174302577972,44.530461124200606,82.59387993812561,0.01,1.757583394050598,37.06199460916442,18.52524709701538
0.16043876111507416,43.554358801750254,80.78410077095032,0.01,1.7629482992490133,38.00539083557952,18.22320318222046
0.15099312365055084,46.583641871423765,81.10492968559265,0.01,1.572572456995646,43.80053908355795,17.911638975143433
0.15669533610343933,44.463143722652305,80.94916725158691,0.01,1.6975430607795716,41.64420485175202,17.95374894142151
0.15552563965320587,45.77583305284416,81.46243095397949,0.01,2.004438490867615,35.44474393530997,18.04403305053711
0.15656766295433044,45.035341635812856,81.12071013450623,0.01,1.731211596330007,39.35309973045822,17.913686752319336
0.14845828711986542,47.59340289464827,81.09311509132385,0.01,1.6428599460919697,41.509433962264154,17.948657035827637
0.15783631801605225,44.02558061258836,81.08266973495483,0.01,1.7953580848375956,34.63611859838275,17.886566162109375
0.17000801861286163,40.22214742510939,80.668447971344,0.01,1.8853224182128907,33.82749326145553,17.92910599708557
0.1595068871974945,43.8572871087176,80.45050096511841,0.01,1.6631958238283793,42.58760107816711,18.470983028411865
0.15613339841365814,46.54998317064961,80.80840611457825,0.01,1.6533652385075888,44.60916442048518,17.95307207107544
0.15253399312496185,46.61730057219791,80.67753601074219,0.01,1.7166996177037557,43.93530997304582,17.86581015586853
0.15543091297149658,45.77583305284416,80.5111289024353,0.01,1.6315840792655945,41.77897574123989,18.057066202163696
0.15546342730522156,45.91046785594076,82.63752913475037,0.01,1.6045839436848959,46.900269541778975,17.879835844039917
0.1572434902191162,45.27095254123191,80.65262389183044,0.01,1.6908250204722086,40.16172506738545,17.854406118392944
0.15891188383102417,44.19387411645911,80.01187920570374,0.01,1.6028154277801514,45.82210242587601,18.064934968948364
0.15085434913635254,46.71827667452037,80.15131974220276,0.01,1.676864264011383,43.53099730458221,17.776647090911865
0.15556617081165314,45.87680915516661,79.70754885673523,0.01,1.6200524504979452,44.74393530997305,17.869521856307983
0.15131840109825134,47.324133288455066,80.03961896896362,0.01,1.5373951212565105,45.68733153638814,17.81637215614319
0.15140387415885925,47.35779198922921,79.91115474700928,0.01,1.6539855202039082,43.80053908355795,17.741692066192627
0.14993886649608612,47.829013800067315,79.8521659374237,0.01,1.5822541387875875,44.474393530997304,17.812352895736694
0.15118731558322906,46.31437226523056,79.99788784980774,0.01,1.5423276257514953,44.07008086253369,17.78326988220215
0.15250346064567566,45.50656344665096,80.01453113555908,0.01,1.5884673873583475,42.722371967654986,17.768887042999268
0.14832036197185516,47.52608549309997,79.90675687789917,0.01,1.5473794436454773,45.01347708894879,17.814013957977295
0.1517340987920761,47.324133288455066,79.68566107749939,0.01,1.6404155453046163,41.64420485175202,17.982140064239502
0.15447096526622772,46.21339616290811,79.8313980102539,0.01,1.7387373582522074,36.38814016172507,17.728729248046875
0.15128237009048462,47.29047458768091,79.83241820335388,0.01,1.7349207679430643,39.487870619946094,17.733519077301025
0.1503371000289917,46.07876135981151,80.08003830909729,0.01,1.6196849966049194,43.66576819407008,17.777512788772583
0.14896607398986816,47.088522383036015,81.03924798965454,0.01,1.6299065780639648,41.23989218328841,17.820805072784424
0.1514531821012497,46.44900706832716,80.08640480041504,0.01,1.6818610652287802,40.43126684636118,17.756972074508667
0.15507450699806213,46.516324469875464,80.48571610450745,0.01,1.5784448544184366,45.01347708894879,17.692636966705322
0.15064552426338196,48.232918209357116,80.1495292186737,0.01,1.6210440381368,46.76549865229111,17.855628728866577
0.15214787423610687,46.348030966004714,79.75757098197937,0.01,1.637442761262258,42.45283018867924,17.7651469707489
0.15028776228427887,47.088522383036015,79.98022198677063,0.01,1.5573587958017985,40.8355795148248,17.925777912139893
0.1503324955701828,47.761696398519014,80.07008194923401,0.01,1.8445854560534158,34.90566037735849,17.836480140686035
0.1511358916759491,47.52608549309997,80.36034893989563,0.01,1.6311658795674642,42.18328840970351,17.88865303993225
0.14910194277763367,47.45876809155167,79.73320603370667,0.01,1.605584565003713,43.93530997304582,18.009889841079712
0.15033158659934998,47.89633120161562,83.82335019111633,0.01,1.7597586631774902,40.02695417789757,17.92333698272705
0.1515454351902008,46.41534836755301,80.92618012428284,0.01,1.556175639629364,45.01347708894879,17.858858108520508
0.15587292611598969,44.867048131942106,80.09014105796814,0.01,1.5950449991226197,42.99191374663073,17.870961904525757
0.14904433488845825,48.06462470548637,80.30328798294067,0.01,1.6320597775777181,43.80053908355795,17.97253394126892
0.15931308269500732,43.82362840794345,80.20364117622375,0.01,1.7187883035341898,39.35309973045822,17.7817599773407
0.15715250372886658,44.395826321104,80.14100503921509,0.01,1.5643812783559163,46.091644204851754,17.83783793449402
0.14793160557746887,48.468529114776175,80.05970001220703,0.01,1.7064561025301614,42.722371967654986,17.99959397315979
0.15297356247901917,46.28071356445641,79.88568806648254,0.01,1.6515595062573751,43.39622641509434,17.894864082336426
0.14576126635074615,49.377314035678225,79.83728098869324,0.01,1.5843392372131349,46.36118598382749,17.86724615097046
0.1509304642677307,47.69437899697071,80.31096386909485,0.01,1.5941506052017211,43.66576819407008,18.19873309135437
0.14944235980510712,48.13194210703467,80.17808318138123,0.01,1.6866856447855632,42.318059299191376,17.834961891174316
0.14700351655483246,48.43487041400202,80.10386776924133,0.01,1.5609613569577534,45.14824797843666,17.843842029571533
0.14992044866085052,48.13194210703467,80.09695601463318,0.01,1.649806428750356,44.20485175202156,17.84066104888916
0.1558123528957367,44.799730730393804,79.99592804908752,0.01,1.9157907565434773,34.097035040431265,17.79028582572937
0.15040184557437897,48.098283406260514,79.93007516860962,0.01,1.5349247002601623,46.22641509433962,17.8885498046875
0.15527638792991638,45.843150454392465,82.04977679252625,0.01,1.6486809587478637,42.99191374663073,20.88578724861145
0.15553903579711914,48.098283406260514,81.39223885536194,0.01,2.1539595715204873,28.4366576819407,17.984426975250244
0.15196359157562256,46.44900706832716,80.09610080718994,0.01,1.7011391631762187,42.04851752021563,17.795605897903442
0.15062730014324188,47.18949848535846,80.45639109611511,0.01,1.5981310590108235,43.93530997304582,17.783883810043335
0.14227525889873505,48.77145742174352,80.34208512306213,0.01,1.577571120262146,46.63072776280324,17.96030592918396
0.14768686890602112,47.62706159542242,80.00016975402832,0.01,1.6116132720311482,41.509433962264154,17.81626296043396
0.1437111794948578,49.781218444968026,80.26747703552246,0.01,1.5517871737480164,46.22641509433962,17.848879098892212
0.14970257878303528,49.17536183103332,80.27163004875183,0.01,1.6833502531051636,40.296495956873315,17.763997793197632
0.15012744069099426,48.06462470548637,80.03419208526611,0.01,1.8771827427546184,31.266846361185983,17.90821099281311
0.1473628580570221,48.26657691013127,80.22685718536377,0.01,1.5833245595296224,45.41778975741239,17.794768810272217
0.14720603823661804,48.569505217098616,80.42079496383667,0.01,1.6074877484639485,44.339622641509436,17.799962043762207
0.14637649059295654,49.713901043419725,80.24291181564331,0.01,1.7843652017911276,39.62264150943396,17.826308965682983
0.14926140010356903,47.55974419387412,80.37607979774475,0.01,1.6922758944829306,40.8355795148248,17.798065185546875
0.1516885757446289,46.81925277684281,80.3842339515686,0.01,1.698320509592692,42.99191374663073,17.740092039108276
0.14623157680034637,49.68024234264558,80.20539808273315,0.01,1.5550850240389507,46.091644204851754,17.907554864883423
0.14751257002353668,49.17536183103332,80.03718400001526,0.01,1.5713663109143574,46.36118598382749,17.98513102531433
0.15064628422260284,48.63682261864692,82.76399278640747,0.01,1.726746021906535,40.97035040431267,18.011683225631714
0.1483548879623413,49.04072702793672,80.9632158279419,0.01,1.7375370732943216,40.296495956873315,17.795756101608276
0.15111057460308075,47.492426792325816,79.96399307250977,0.01,1.6310440071423848,47.03504043126684,17.694664001464844
0.1507982611656189,49.81487714574217,80.3311517238617,0.01,1.7449605997403463,41.64420485175202,17.893118143081665
0.1518019437789917,47.62706159542242,80.00162816047668,0.01,1.6763200426101685,43.93530997304582,17.802193880081177
0.14937147498130798,48.232918209357116,90.95742702484131,0.01,1.6200123596191407,45.82210242587601,19.765678882598877
0.15726442635059357,45.70851565129586,90.74983716011047,0.01,1.6040176955858867,44.20485175202156,20.056219816207886
0.14825275540351868,49.81487714574217,86.78930306434631,0.01,1.602960372765859,45.82210242587601,17.842592000961304
0.14869390428066254,49.141703130259174,82.23241400718689,0.01,1.821766397158305,38.14016172506739,17.77177381515503
0.16027118265628815,44.698754628071356,82.09875798225403,0.01,1.6317796277999879,41.91374663072776,17.7963650226593
0.15857820212841034,45.74217435207001,81.61907196044922,0.01,1.6565773582458496,42.58760107816711,17.820456981658936
0.15313869714736938,46.01144395826321,82.02037000656128,0.01,1.6185467751820881,43.66576819407008,18.150521993637085
0.14822372794151306,48.93975092561427,81.61118388175964,0.01,1.6785107564926147,44.74393530997305,18.26491093635559
0.1502658724784851,47.96364860316392,82.3826470375061,0.01,1.622533856232961,44.474393530997304,17.801958084106445
0.14743630588054657,48.40121171322787,82.44073915481567,0.01,1.6092451731363933,43.126684636118604,18.367544889450073
0.15314070880413055,47.660720296196565,81.78592586517334,0.01,1.657466873327891,43.93530997304582,17.908874034881592
0.1517968326807022,46.48266576910131,80.64211297035217,0.01,1.6157938432693482,45.01347708894879,17.793046951293945
0.14469118416309357,49.64658364187142,80.06250596046448,0.01,1.580877006848653,43.261455525606465,17.755413055419922
0.15628387033939362,46.31437226523056,80.11450695991516,0.01,1.6690362922350566,42.58760107816711,17.737313985824585
0.15253238379955292,45.64119824974756,79.89529609680176,0.01,1.5668892669677734,46.22641509433962,17.871996879577637
0.15541571378707886,45.80949175361831,80.04836988449097,0.01,1.7345544513066609,42.58760107816711,17.93115997314453
0.15175560116767883,47.79535509929317,80.38621520996094,0.01,1.6609498341878255,44.878706199460915,17.772099018096924
0.15869179368019104,46.14607876135981,79.83991384506226,0.01,1.6689210096995035,43.126684636118604,17.74598503112793
0.15415836870670319,46.71827667452037,80.05937314033508,0.01,1.6535356386502584,44.60916442048518,17.884217739105225
0.15557128190994263,45.91046785594076,79.97059416770935,0.01,1.6889242911338807,45.41778975741239,17.678610801696777
0.16191057860851288,43.1841130932346,79.7443950176239,0.01,1.6046806128819784,45.82210242587601,17.798784971237183
0.15185147523880005,47.79535509929317,79.96792793273926,0.01,1.6788574743270874,41.91374663072776,17.75800895690918
0.14788800477981567,47.69437899697071,80.48440718650818,0.01,1.548764981428782,46.900269541778975,17.791028022766113
0.15055525302886963,48.098283406260514,79.89630007743835,0.01,1.8217233991622925,38.81401617250674,17.819525957107544
0.15242677927017212,46.28071356445641,79.93311905860901,0.01,1.6494440015157064,43.261455525606465,17.912662982940674
0.1515038013458252,46.81925277684281,79.88258194923401,0.01,1.5883852116266886,45.28301886792453,17.69531488418579
0.15182630717754364,47.96364860316392,80.25842189788818,0.01,1.5531375098228455,46.76549865229111,17.827176094055176
0.14994576573371887,48.165600807808815,79.86170196533203,0.01,1.633256831963857,43.126684636118604,17.736402988433838
0.14684633910655975,49.34365533490407,80.33522987365723,0.01,1.6378324985504151,44.878706199460915,17.778677940368652
0.15507091581821442,46.07876135981151,79.95878887176514,0.01,1.8259110299746195,38.40970350404312,17.855011224746704
0.14776432514190674,48.805116122517674,80.04264974594116,0.01,1.66853058497111,42.58760107816711,17.951702117919922
0.14702345430850983,48.569505217098616,82.83849692344666,0.01,1.6783551351229349,42.04851752021563,17.91311001777649
0.14988821744918823,47.35779198922921,79.80281591415405,0.01,1.588928656578064,45.68733153638814,17.702912092208862
0.15146104991436005,46.920228879165265,79.92671513557434,0.01,1.6802541597684224,44.07008086253369,17.92705798149109
0.15268667042255402,46.583641871423765,79.9874620437622,0.01,1.6586964241663615,42.45283018867924,17.84212899208069
0.15347185730934143,47.59340289464827,80.33690404891968,0.01,1.802765805721283,39.62264150943396,17.79236125946045
0.1500484049320221,48.569505217098616,79.91782212257385,0.01,1.961553099155426,34.36657681940701,17.751494884490967
0.15376095473766327,46.38168966677886,80.59047079086304,0.01,1.75689360221227,38.81401617250674,17.836697101593018
0.15017804503440857,48.70414002019522,79.93407011032104,0.01,1.8681328455607096,39.62264150943396,17.74779200553894
0.15513038635253906,46.95388757993941,80.31479501724243,0.01,1.717710460027059,42.45283018867924,17.747741222381592
0.15368099510669708,47.324133288455066,80.21995806694031,0.01,1.6975294852256775,40.56603773584906,17.868384838104248
0.1508491188287735,48.60316391787277,80.1388008594513,0.01,1.533675150871277,47.7088948787062,17.726762056350708
0.14336071908473969,50.11780545270953,79.86473321914673,0.01,1.7280443588892618,41.105121293800536,17.858359813690186
0.15555794537067413,46.65095927297207,79.99412894248962,0.01,1.6696617436408996,42.99191374663073,17.848959922790527
0.15801964700222015,43.9919219118142,79.99185824394226,0.01,1.6898706118265787,40.700808625336926,17.833160877227783
0.14308324456214905,50.75732076741838,80.26968002319336,0.01,1.616492478052775,46.495956873315365,17.906732082366943
0.15249010920524597,47.492426792325816,80.48632502555847,0.01,1.854961801369985,38.544474393531,18.12486457824707
0.1577058583498001,46.65095927297207,79.95591711997986,0.01,1.7392852306365967,40.56603773584906,17.817925930023193
0.14849744737148285,48.50218781555032,79.87122011184692,0.01,1.5905622736612957,46.091644204851754,17.92537808418274
0.15164747834205627,47.155839784584316,80.20997309684753,0.01,1.660977282524109,39.892183288409704,17.81295895576477
0.1586287021636963,45.47290474587681,79.98809289932251,0.01,1.8250468683242798,37.19676549865229,17.75377893447876
0.15979981422424316,43.9919219118142,79.86989092826843,0.01,1.7519459025065105,41.77897574123989,17.74558401107788
0.15883369743824005,43.68899360484686,80.50768685340881,0.01,1.72911230802536,42.99191374663073,17.814153909683228
0.14974787831306458,48.165600807808815,80.09808206558228,0.01,1.7451290225982665,39.083557951482476,17.944612979888916
0.14921782910823822,47.761696398519014,81.27867889404297,0.01,1.7185326131184895,38.94878706199461,17.68291926383972
0.1503574252128601,49.141703130259174,80.13814401626587,0.01,1.6538896282513937,43.66576819407008,17.771326065063477
0.15660563111305237,45.40558734432851,79.89124822616577,0.01,1.6487796092033387,40.8355795148248,17.9594669342041
0.1549060046672821,46.348030966004714,79.78545188903809,0.01,1.5879388721783956,46.900269541778975,17.867602109909058
0.15416912734508514,47.492426792325816,80.16269993782043,0.01,1.716048812866211,39.487870619946094,17.698119163513184
0.1491454392671585,49.209020531807475,80.23759174346924,0.01,1.7015183194478354,43.93530997304582,17.843826293945312
0.14921513199806213,48.19925950858297,79.99333381652832,0.01,1.816851601600647,40.43126684636118,17.824140071868896
0.1492794305086136,48.165600807808815,80.12271475791931,0.01,1.70251194079717,40.43126684636118,18.018287181854248
0.15128649771213531,47.39145069000337,79.77580690383911,0.01,1.6123936692873637,44.20485175202156,17.815014839172363
0.15616530179977417,45.97778525748906,79.98490691184998,0.01,1.8004106624921163,43.93530997304582,17.9274959564209
0.1555148959159851,46.07876135981151,80.289137840271,0.01,1.634482777118683,46.63072776280324,17.76720428466797
0.15239682793617249,47.256815886906764,80.60681819915771,0.01,1.7400041953722636,41.509433962264154,17.80583667755127
0.15033391118049622,49.377314035678225,79.94244289398193,0.01,1.7680080739657085,41.105121293800536,17.84943199157715
0.16082678735256195,45.944126556714906,80.34481477737427,0.01,1.8559409046173097,37.331536388140165,19.771055221557617
0.1510973870754242,47.22315718613261,81.0741639137268,0.01,1.8429485400517782,39.487870619946094,17.922424793243408
0.1539878398180008,44.90070683271626,79.83541083335876,0.01,1.8087874341011048,42.45283018867924,17.76322102546692
0.15585702657699585,46.07876135981151,79.82621693611145,0.01,1.7306599998474121,40.296495956873315,17.820083141326904
0.15597191452980042,45.67485695052171,80.08996081352234,0.01,1.7529749043782552,40.97035040431267,17.89873218536377
0.15385708212852478,47.22315718613261,79.94714283943176,0.01,1.6180019966761272,48.65229110512129,17.84402823448181
0.15192416310310364,48.03096600471222,81.79096817970276,0.01,1.5926932295163472,47.84366576819407,18.379015922546387
0.15081040561199188,48.97340962638842,80.57163095474243,0.01,1.714057100613912,42.99191374663073,17.791497945785522
0.1570887565612793,46.01144395826321,80.26988506317139,0.01,1.72587646484375,41.64420485175202,17.843750953674316
0.15217280387878418,48.97340962638842,82.46206307411194,0.01,1.8543319121996562,38.544474393531,17.82529902458191
0.15363171696662903,46.71827667452037,80.13262987136841,0.01,1.5814110827445984,45.41778975741239,17.797399759292603
0.15027454495429993,48.30023561090542,80.25328516960144,0.01,1.587165081501007,48.24797843665768,17.819926738739014
0.15365023910999298,47.96364860316392,79.78188514709473,0.01,1.800081230799357,42.722371967654986,17.928042888641357
0.1553344428539276,48.33389431167957,79.69610810279846,0.01,1.870060192743937,39.75741239892183,17.771225929260254
0.16326995193958282,43.68899360484686,79.8838939666748,0.01,1.7608318996429444,41.64420485175202,17.928751945495605
0.15558457374572754,46.54998317064961,79.87881684303284,0.01,1.6609366099039713,42.722371967654986,17.941926956176758
0.15192925930023193,48.06462470548637,80.63618588447571,0.01,1.7667355171839396,39.21832884097035,17.81443190574646
0.15416178107261658,47.492426792325816,80.3383469581604,0.01,1.6197006058692933,45.41778975741239,17.849167108535767
0.15497450530529022,47.55974419387412,79.88226270675659,0.01,1.718149999777476,42.857142857142854,17.784675121307373
0.15540964901447296,46.31437226523056,79.97787070274353,0.01,1.6549020274480184,45.68733153638814,17.814311265945435
0.15086308121681213,49.309996634129924,79.9415431022644,0.01,1.7430136593182881,40.296495956873315,17.753098964691162
0.1607300490140915,46.61730057219791,79.93755078315735,0.01,1.8288883686065673,36.92722371967655,17.76612091064453
0.1563158929347992,45.607539548973406,80.03781604766846,0.01,1.664650212128957,42.722371967654986,17.928281784057617
0.1563447266817093,48.468529114776175,79.77824711799622,0.01,1.7679576126734415,42.722371967654986,17.801841974258423
0.15356795489788055,47.29047458768091,80.00258803367615,0.01,1.6281336951255798,45.956873315363886,17.835052967071533
0.1485714614391327,52.27196230225514,80.1506679058075,0.01,1.5105852238337198,49.46091644204852,18.01458477973938
0.15240924060344696,49.84853584651632,79.79178380966187,0.01,1.614848792552948,45.82210242587601,17.802675008773804
0.14971904456615448,50.35341635812858,79.82965302467346,0.01,1.8103672281901042,40.56603773584906,17.71000599861145
0.15824982523918152,45.944126556714906,80.07631158828735,0.01,1.682297838528951,44.474393530997304,17.79318404197693
0.15030081570148468,49.51194883877482,80.12450313568115,0.01,1.6828215583165487,45.68733153638814,17.731210947036743
0.14865808188915253,50.89195557051498,79.80807399749756,0.01,1.5718440278371175,49.056603773584904,18.070051908493042
0.14530660212039948,53.416358128576235,79.86477899551392,0.01,1.5942695387204489,50.53908355795148,17.732211112976074
0.1450955718755722,52.47391450690003,80.24230003356934,0.01,1.5561618526776633,50.53908355795148,17.751617908477783
0.15150369703769684,49.41097273645237,80.12659621238708,0.01,1.6302736862500509,45.956873315363886,17.90643286705017
0.1537710428237915,48.73779872096937,80.2765200138092,0.01,1.7190587695439656,45.14824797843666,18.029927968978882
0.15158922970294952,49.141703130259174,80.09779477119446,0.01,1.525228127638499,51.078167115902964,17.838375091552734
0.14874006807804108,50.454392460451025,80.12273812294006,0.01,1.846097353299459,36.52291105121294,17.812013149261475
0.14682333171367645,50.11780545270953,82.92855906486511,0.01,1.6829722515741985,44.74393530997305,18.08837103843689
0.15501919388771057,48.26657691013127,81.08399772644043,0.01,1.7552923798561095,44.74393530997305,17.78519916534424
0.1505378633737564,49.81487714574217,80.00050401687622,0.01,1.5646364537874857,47.03504043126684,17.761425971984863
0.14652253687381744,52.406597105351736,80.01982688903809,0.01,1.5833349657058715,49.59568733153639,17.969882011413574
0.14342056214809418,53.11342982160888,80.07440996170044,0.01,1.796330876350403,41.509433962264154,17.84769892692566
0.14095719158649445,54.56075395489734,79.93835401535034,0.01,1.6381518626213074,47.304582210242586,17.64351487159729
0.14253486692905426,54.05587344328509,79.94511413574219,0.01,1.5697619318962097,48.921832884097036,18.259578943252563
0.1476060450077057,52.27196230225514,80.00711607933044,0.01,1.609480272134145,50.53908355795148,17.977843046188354
0.14395250380039215,54.392460451026594,79.74091911315918,0.01,1.4226523121198018,57.95148247978437,17.82438588142395
0.14849688112735748,49.91585324806462,80.89553594589233,0.01,1.8095720561345419,36.52291105121294,17.86565399169922
0.15050727128982544,50.25244025580613,80.2757077217102,0.01,1.5628710746765138,48.517520215633425,17.965331315994263
0.15121614933013916,49.81487714574217,80.04872012138367,0.01,1.5672420946757,50.53908355795148,17.793290853500366
0.14536471664905548,52.406597105351736,79.91592717170715,0.01,1.7375566021601359,42.04851752021563,17.817280054092407
0.1477840095758438,52.238303601480986,79.94201612472534,0.01,1.4541550119717916,54.71698113207547,17.738338947296143
0.14592565596103668,52.81050151464154,79.8882942199707,0.01,1.5859017658233643,45.82210242587601,17.90293288230896
0.1491720974445343,50.08414675193538,79.92039084434509,0.01,1.6140579001108806,45.28301886792453,18.318806171417236
0.14731866121292114,51.49781218444968,79.85960006713867,0.01,1.6711588406562805,46.76549865229111,17.785358905792236
0.15358062088489532,48.40121171322787,79.93505001068115,0.01,1.542628562450409,49.056603773584904,17.629048109054565
0.1604185700416565,44.867048131942106,80.2436830997467,0.01,1.6609542107582091,43.39622641509434,17.836756944656372
0.1633242964744568,43.9919219118142,79.7659330368042,0.01,1.6937809403737385,42.58760107816711,17.8066349029541
0.14920774102210999,49.713901043419725,79.72090911865234,0.01,1.5853718090057374,48.38274932614555,17.913578987121582
0.15060940384864807,50.65634466509593,80.02183127403259,0.01,1.5775435757637024,49.46091644204852,17.76042604446411
0.14974373579025269,50.38707505890273,80.23156690597534,0.01,1.6825457040468852,43.39622641509434,17.812423944473267
0.156399667263031,46.71827667452037,81.24823117256165,0.01,1.658749230702718,45.68733153638814,17.769408702850342
0.14784970879554749,51.39683608212723,79.24399304389954,0.01,1.452452489535014,52.83018867924528,17.817680835723877
0.1471666395664215,51.39683608212723,79.54867696762085,0.01,1.7282414293289186,45.14824797843666,17.623625993728638
0.1521376520395279,48.569505217098616,79.32322812080383,0.01,1.6646516720453899,45.28301886792453,17.796792030334473
0.15329226851463318,49.949511948838776,79.53174304962158,0.01,1.6358537022272746,48.38274932614555,17.708513021469116
0.15731143951416016,47.05486368226187,79.41034007072449,0.01,1.583477237224579,48.24797843665768,17.772277116775513
0.1515374332666397,48.03096600471222,79.37468075752258,0.01,1.5438655853271483,50.0,17.692337036132812
0.14773258566856384,49.17536183103332,79.44319820404053,0.01,1.7318430344263713,40.16172506738545,17.622488975524902
0.1517169177532196,48.19925950858297,79.4562120437622,0.01,1.6679980087280273,42.45283018867924,17.72086811065674
0.14639632403850555,50.65634466509593,79.45391607284546,0.01,1.7481580289204914,41.77897574123989,17.674033880233765
0.14392992854118347,51.76708179064288,79.57049489021301,0.01,1.617800533771515,45.41778975741239,17.640144109725952
0.14581820368766785,51.56512958599798,79.68509221076965,0.01,1.5847246821721395,47.7088948787062,17.745357990264893
0.15041328966617584,50.42073375967687,79.62188291549683,0.01,1.561272106965383,52.56064690026954,17.664036989212036
0.15085101127624512,48.70414002019522,79.46093797683716,0.01,1.745105725924174,41.77897574123989,17.7240092754364
0.15388698875904083,49.141703130259174,79.60854816436768,0.01,1.742183616956075,39.892183288409704,17.61231303215027
0.16038060188293457,46.751935375294515,79.36395692825317,0.01,1.552350918451945,52.02156334231805,17.642723083496094
0.15148517489433289,49.64658364187142,79.65293383598328,0.01,1.6302696720759073,46.36118598382749,17.692508220672607
0.15635374188423157,49.34365533490407,79.43694162368774,0.01,1.5694385544459024,47.03504043126684,17.758084297180176
0.15188415348529816,50.218781555031974,80.10616397857666,0.01,1.6059931174914042,47.16981132075472,19.48372507095337
0.1517389863729477,49.41097273645237,80.79446911811829,0.01,1.7042687861124675,43.93530997304582,17.80791187286377
0.16066651046276093,46.920228879165265,80.11026096343994,0.01,1.676927882830302,43.126684636118604,17.64248490333557
0.14892782270908356,52.13732749915854,79.98171806335449,0.01,1.5973858626683552,47.57412398921833,17.64428687095642
0.14860214293003082,51.531470885223825,79.2808289527893,0.01,1.5108724204699198,51.078167115902964,17.628355979919434
0.16174526512622833,44.59777852574891,79.51239895820618,0.01,1.8028041044871013,36.38814016172507,17.91638994216919
0.15322060883045197,48.13194210703467,80.05698609352112,0.01,1.7270389191309612,42.722371967654986,17.721733808517456
0.1456650197505951,52.57489060922248,79.70567989349365,0.01,1.5815198524792988,47.7088948787062,19.9497811794281
0.14452436566352844,53.14708852238304,86.79199600219727,0.01,1.5251671814918517,49.59568733153639,18.204337120056152
0.14820058643817902,51.127566475934024,86.47520709037781,0.01,1.6904650004704793,42.45283018867924,18.222810745239258
0.14550098776817322,52.17098619993268,82.48535203933716,0.01,1.5848682236671447,52.42587601078167,18.24609088897705
0.14916467666625977,50.42073375967687,83.08511185646057,0.01,1.4507527470588684,56.19946091644204,18.234334230422974
0.1453738808631897,52.64220801077079,81.75795817375183,0.01,1.642234054406484,46.36118598382749,18.084004878997803
0.1468249410390854,52.60854930999663,82.10216498374939,0.01,1.6689192136128743,44.339622641509436,18.11470103263855
0.1509389877319336,49.51194883877482,82.96888709068298,0.01,1.5768468268712361,47.16981132075472,18.509992837905884
0.1460946500301361,52.07001009761023,83.02157282829285,0.01,1.680162751674652,44.474393530997304,18.01241898536682
0.155541330575943,48.33389431167957,82.2654128074646,0.01,1.5810054183006286,49.32614555256065,17.996878147125244
0.14784546196460724,52.94513631773814,82.19494295120239,0.01,1.540419357617696,50.0,17.964030027389526
0.15250974893569946,49.64658364187142,81.59408068656921,0.01,1.468194347222646,53.63881401617251,18.06419014930725
0.14411309361457825,53.28172332547963,81.20767116546631,0.01,1.6320884211858113,47.97843665768194,18.214826822280884
0.14639100432395935,53.07977112083474,82.32079482078552,0.01,1.5379829653104147,50.26954177897574,18.543649196624756
0.14970675110816956,50.99293167283743,82.323410987854,0.01,1.7108160003026327,45.01347708894879,18.149741172790527
0.15131819248199463,50.555368562773474,80.90609097480774,0.01,1.6096586537361146,49.32614555256065,17.707899808883667
0.1527094691991806,49.47829013800067,79.63729596138,0.01,1.7605254602432252,40.8355795148248,17.636028051376343
0.15454871952533722,47.96364860316392,79.92717599868774,0.01,1.8537054777145385,36.79245283018868,17.715118885040283
0.15362845361232758,48.40121171322787,79.51992797851562,0.01,1.6553760703404745,44.60916442048518,17.566478967666626
0.14586485922336578,53.248064624705485,79.72070097923279,0.01,1.5270338424046834,50.943396226415096,17.672785997390747
0.14741107821464539,50.959272972063275,79.4662880897522,0.01,1.4878020095825195,49.46091644204852,17.81249499320984
0.1404382586479187,54.05587344328509,79.33701276779175,0.01,1.5953912806510926,50.13477088948787,17.67471218109131
0.14751747250556946,51.86805789296534,79.87720990180969,0.01,1.6802258650461832,46.495956873315365,17.668758869171143
0.14632011950016022,52.54123190844834,79.99578404426575,0.01,1.907225509484609,35.98382749326146,17.687155961990356
0.14966203272342682,50.622685964321775,79.29897093772888,0.01,1.6288406149546306,45.55256064690027,17.7625253200531
0.14669139683246613,51.26220127903063,82.07188582420349,0.01,1.6074471354484559,47.304582210242586,17.93225908279419
0.15231868624687195,47.79535509929317,80.56180191040039,0.01,1.7847773694992066,39.21832884097035,17.969923973083496
0.1533980369567871,48.63682261864692,79.4170548915863,0.01,1.6172819447517395,47.43935309973046,17.8211350440979
0.14539368450641632,52.406597105351736,79.51400113105774,0.01,1.7011840867996215,42.58760107816711,17.662668228149414
0.1427299678325653,54.02221474251094,79.29355525970459,0.01,1.6331565403938293,47.84366576819407,17.722607851028442
0.1416715532541275,53.95489734096264,79.5315101146698,0.01,1.5555594690640768,51.61725067385444,17.668903827667236
0.13882161676883698,55.40222147425109,79.60287380218506,0.01,1.499383775393168,50.673854447439346,17.69855809211731
0.13613562285900116,56.31100639515315,79.80581402778625,0.01,1.661532708009084,44.339622641509436,17.69167399406433
0.14599628746509552,52.20464490070683,79.35926222801208,0.01,1.7285937174161274,42.04851752021563,17.714438915252686
0.1390257179737091,53.98855604173679,79.75560712814331,0.01,1.5893465423583983,44.20485175202156,17.69450283050537
0.15458889305591583,46.95388757993941,79.67480707168579,0.01,1.7540456946690877,38.544474393531,17.860501050949097
0.14709122478961945,50.25244025580613,79.2586932182312,0.01,1.4914754192034403,51.21293800539084,17.75108504295349
0.1418047696352005,53.11342982160888,79.36914920806885,0.01,1.6131822117169698,44.60916442048518,17.95308804512024
0.14390091598033905,52.97879501851228,79.44553017616272,0.01,1.5609781606992086,48.38274932614555,17.611871004104614
0.1399988979101181,55.80612588354089,79.44718384742737,0.01,1.4568554425239564,53.09973045822103,17.73874807357788
0.15052209794521332,50.690003365870076,79.82491302490234,0.01,1.7828372677167257,39.892183288409704,17.729964017868042
0.15935131907463074,44.96802423426456,79.80653285980225,0.01,1.6806389586130779,47.97843665768194,17.775282859802246
0.1515028327703476,51.29585997980478,79.50027704238892,0.01,1.778923095067342,43.93530997304582,17.616475820541382
0.15401197969913483,49.47829013800067,79.36315107345581,0.01,1.5609966365496317,50.80862533692723,17.677584886550903
0.14638684689998627,52.911477616963985,79.50921702384949,0.01,1.7116397166252135,43.126684636118604,17.777918100357056
0.1569269597530365,47.86267250084147,79.3514940738678,0.01,1.7743947275479635,42.04851752021563,17.597792863845825
0.14648722112178802,52.844160215415684,79.31350803375244,0.01,1.533827490011851,52.156334231805936,17.579335927963257
0.15003204345703125,50.58902726354763,79.75475478172302,0.01,1.6758132839202882,45.01347708894879,17.690941333770752
0.14114566147327423,54.42611915180075,79.32947278022766,0.01,1.9177083826065064,34.50134770889488,17.81778311729431
0.15111558139324188,49.07438572871087,79.59365487098694,0.01,1.5625522303581239,48.78706199460917,17.789096117019653
0.1498735249042511,50.454392460451025,79.75428485870361,0.01,1.6426096312204996,49.46091644204852,17.657721996307373
0.1465659886598587,52.036351396836075,79.2564160823822,0.01,1.5435644189516704,51.482479784366575,17.620588064193726
0.14489023387432098,53.34904072702794,79.39086294174194,0.01,1.7380438311894735,44.20485175202156,17.686985969543457
0.14308270812034607,53.78660383709188,79.49177694320679,0.01,1.4788662981987,52.56064690026954,17.606131076812744
0.13633020222187042,55.90710198586335,79.66788816452026,0.01,1.5209928409258524,49.73045822102426,17.754646062850952
0.14498211443424225,52.844160215415684,79.29533982276917,0.01,1.668085083961487,44.878706199460915,17.683579921722412
0.15649643540382385,46.78559407606866,79.67399716377258,0.01,1.565548435052236,48.921832884097036,17.67405891418457
0.1414506882429123,55.469538875799394,79.36901783943176,0.01,1.5445214525858562,52.83018867924528,17.74422812461853
0.13982930779457092,55.705149781218445,79.49400305747986,0.01,1.5630743789672852,50.53908355795148,17.692804098129272
0.14086058735847473,55.09929316728375,79.94245719909668,0.01,1.5173226014773051,54.31266846361186,17.6268630027771
0.13728098571300507,56.613934702120496,79.51445198059082,0.01,1.6043495337168376,47.16981132075472,17.85258913040161
0.14463083446025848,52.507573207674184,79.62063813209534,0.01,1.624789261817932,47.03504043126684,17.689493894577026
0.14742006361484528,51.73342308986874,82.33578276634216,0.01,1.6154721013704936,45.68733153638814,17.82719111442566
0.1444002091884613,53.651969033995286,80.20199608802795,0.01,1.6452577551205954,48.113207547169814,17.79774785041809
0.1519864946603775,50.690003365870076,79.20951509475708,0.01,1.6983941109975178,40.97035040431267,17.690070867538452
0.15408559143543243,49.10804442948502,79.60754203796387,0.01,1.6995145146052042,44.74393530997305,17.63812804222107
0.14449474215507507,53.38269942780208,79.32225608825684,0.01,1.6350128428141275,47.84366576819407,17.82205104827881
0.14615584909915924,52.406597105351736,79.61472511291504,0.01,1.562655119895935,50.40431266846361,17.682991981506348
0.1558469533920288,48.93975092561427,79.67025184631348,0.01,1.691026635169983,43.126684636118604,17.757503986358643
0.14527052640914917,51.80074049141703,79.81756615638733,0.01,1.6956204716364542,46.22641509433962,17.673512935638428
0.1551426351070404,49.98317064961292,79.53912591934204,0.01,1.718081946372986,40.8355795148248,17.717493057250977
0.1418544352054596,54.42611915180075,79.55265092849731,0.01,1.7236239393552144,44.07008086253369,17.658102989196777
0.14963027834892273,50.622685964321775,79.60762596130371,0.01,1.4831779789924622,51.078167115902964,17.75273609161377
0.15038412809371948,50.925614271289135,79.48154497146606,0.01,1.7040192906061808,44.74393530997305,17.73995089530945
0.16383296251296997,44.362167620329856,79.3563961982727,0.01,1.655553759733836,45.14824797843666,17.83364772796631
0.15722310543060303,46.583641871423765,79.28903603553772,0.01,2.1419759861628216,33.55795148247979,17.67493510246277
0.15342822670936584,47.829013800067315,79.19891691207886,0.01,1.493892690340678,50.0,17.663424015045166
0.14959946274757385,47.29047458768091,81.53968715667725,0.01,1.7174243068695068,38.94878706199461,17.931785821914673
0.1533222645521164,48.50218781555032,80.64508414268494,0.01,1.5451473172505696,48.65229110512129,17.71746802330017
0.14157839119434357,51.93537529451363,79.62737011909485,0.01,1.5718074917793274,47.57412398921833,17.69820785522461
0.14594517648220062,52.10366879838438,79.42038989067078,0.01,1.5572199654579162,50.0,17.67978811264038
0.1470102071762085,50.35341635812858,79.3952419757843,0.01,1.7108693059285482,43.126684636118604,17.686893224716187
0.14586490392684937,51.66610568832043,79.51267600059509,0.01,1.6963142744700115,42.857142857142854,17.729876041412354
0.149789497256279,51.09390777515988,79.41676902770996,0.01,1.8825893751780192,31.805929919137466,17.631569862365723
0.15886862576007843,47.155839784584316,79.22005987167358,0.01,1.8800312169392903,40.02695417789757,17.845640897750854
0.15257929265499115,50.11780545270953,79.52756595611572,0.01,1.768257548014323,42.18328840970351,17.727458000183105
0.15710154175758362,47.86267250084147,79.43620920181274,0.01,1.6806945117314656,47.03504043126684,17.62353801727295
0.14820756018161774,52.002692696061935,79.54241704940796,0.01,1.580956626733144,47.03504043126684,17.59671688079834
0.15450817346572876,48.97340962638842,79.46170496940613,0.01,1.7231147297223408,46.091644204851754,17.68671226501465
0.15302133560180664,48.63682261864692,79.35300302505493,0.01,1.6055282139778138,45.55256064690027,17.713634967803955
0.15649716556072235,46.348030966004714,79.55842900276184,0.01,1.7209799194335937,41.77897574123989,17.669517040252686
0.15519830584526062,47.18949848535846,79.48311281204224,0.01,1.7896895503997803,39.083557951482476,17.58115005493164
0.15018196403980255,50.11780545270953,79.34557175636292,0.01,1.6733337752024333,42.857142857142854,17.70612907409668
0.14617694914340973,52.60854930999663,79.42600297927856,0.01,1.7272282735506694,42.18328840970351,17.618839025497437
0.14657023549079895,52.507573207674184,79.31215119361877,0.01,1.6999258613586425,43.53099730458221,17.63056206703186
0.14120572805404663,55.200269269606196,79.47334408760071,0.01,1.600625913143158,51.21293800539084,17.63373112678528
0.15512920916080475,47.59340289464827,79.86566019058228,0.01,1.617094537417094,46.22641509433962,17.59344792366028
0.15380676090717316,47.79535509929317,79.80879282951355,0.01,1.6246235426266988,47.7088948787062,17.725342988967896
0.14267441630363464,52.57489060922248,79.3365490436554,0.01,1.7561157337824504,41.37466307277628,17.897859811782837
0.15629418194293976,46.65095927297207,82.78540802001953,0.01,1.7471242062250774,42.18328840970351,17.711413860321045
0.15102146565914154,51.16122517670818,80.47996711730957,0.01,1.668904037475586,43.261455525606465,17.881476879119873
0.14890271425247192,50.11780545270953,79.48205089569092,0.01,1.6596245090166728,47.7088948787062,17.64756202697754
0.14308905601501465,53.58465163244699,79.32462072372437,0.01,1.7293221584955851,45.41778975741239,17.814170122146606
0.14280441403388977,53.21440592393134,79.52707099914551,0.01,1.5730246639251708,50.53908355795148,17.570137977600098
0.14073145389556885,54.02221474251094,79.39680004119873,0.01,1.6283157698313395,47.97843665768194,17.707116842269897
0.14407670497894287,53.95489734096264,79.47727084159851,0.01,1.5656197992960612,48.921832884097036,17.781503915786743
0.14300940930843353,53.820262537866036,80.02822089195251,0.01,1.5962611230214436,47.84366576819407,17.58331322669983
0.1428232640028,53.14708852238304,79.40997409820557,0.01,1.6773963936169942,44.878706199460915,17.693789958953857
0.14646130800247192,51.363177381353076,79.67840480804443,0.01,1.5660885723431905,51.34770889487871,17.77364993095398
0.14286325871944427,53.921238640188484,79.6746871471405,0.01,1.6009695800145467,48.65229110512129,17.660232067108154
0.14271685481071472,54.695388757993946,79.66719722747803,0.01,1.6434058403968812,47.97843665768194,17.67942190170288
0.14394511282444,53.416358128576235,79.40791082382202,0.01,1.715913746356964,44.74393530997305,17.848668098449707
0.1434108167886734,51.93537529451363,79.44984912872314,0.01,1.5312550632158914,53.09973045822103,17.6364529132843
0.14674419164657593,52.27196230225514,79.36568903923035,0.01,1.6910774167378744,44.60916442048518,17.7500159740448
0.14599759876728058,52.406597105351736,80.05564093589783,0.01,1.7472728157043458,45.41778975741239,17.859724044799805
0.15005703270435333,50.31975765735442,79.71828699111938,0.01,1.612694545586904,48.113207547169814,17.677098989486694
0.13893046975135803,55.16661056883204,79.49696683883667,0.01,1.626411505540212,46.76549865229111,17.638526916503906
0.1423443853855133,53.11342982160888,79.33919191360474,0.01,1.5566810766855876,50.13477088948787,17.707462072372437
0.1421200931072235,53.45001682935039,79.48830914497375,0.01,1.6528595844904581,47.7088948787062,17.809181928634644
0.1433580070734024,52.07001009761023,79.44936776161194,0.01,1.6407620565096537,47.304582210242586,17.71046018600464
0.13795292377471924,55.16661056883204,79.48648190498352,0.01,1.5708120640118917,50.26954177897574,17.654088020324707
0.1390838623046875,54.93099966341299,79.68984508514404,0.01,1.4614821831385294,52.96495956873315,17.953773021697998
0.12895619869232178,58.97004375631101,83.66577816009521,0.01,1.4786094466845194,54.04312668463612,17.79524564743042
0.13446176052093506,57.8256479299899,79.81681108474731,0.01,1.6613890258471171,49.056603773584904,17.89026188850403
0.13968601822853088,54.02221474251094,79.81667494773865,0.01,1.6537497711181641,45.28301886792453,17.705371141433716
0.13523833453655243,56.24368899360485,80.08553290367126,0.01,1.586853915055593,50.13477088948787,17.788177967071533
0.13649199903011322,56.0080780881858,79.87027907371521,0.01,1.636457233428955,48.78706199460917,17.668627977371216
0.13883912563323975,54.93099966341299,79.74048185348511,0.01,1.485545082092285,51.886792452830186,17.771595001220703
0.1463519036769867,52.339279703803435,79.83269691467285,0.01,1.5563432137171427,48.921832884097036,17.634536027908325
0.13677039742469788,55.97441938741164,79.78262615203857,0.01,1.695736829439799,46.76549865229111,17.770174980163574
0.1392044872045517,54.964658364187144,79.58040499687195,0.01,1.5678798667589824,51.61725067385444,17.659936904907227
0.14560578763484955,52.238303601480986,79.54153609275818,0.01,1.6182633996009828,50.0,17.711403846740723
0.1401333212852478,54.52709525412319,79.79299092292786,0.01,1.5861574721336364,50.943396226415096,17.75532627105713
0.14038780331611633,54.796364860316395,80.14665007591248,0.01,1.5420775977770487,51.75202156334232,17.676303148269653
0.16060766577720642,47.256815886906764,79.7012460231781,0.01,1.781623001098633,39.21832884097035,17.8125581741333
0.1418587565422058,55.873443285089195,79.75439381599426,0.01,1.6317948961257935,49.32614555256065,17.702864170074463
0.14932401478290558,52.47391450690003,82.4178991317749,0.01,1.6881614104906717,44.339622641509436,17.916987895965576
0.14436590671539307,53.95489734096264,80.37930488586426,0.01,1.806793319384257,44.20485175202156,18.028249979019165
0.14220412075519562,53.651969033995286,79.44764614105225,0.01,1.7427384233474732,41.77897574123989,17.745248794555664
0.1374054253101349,55.94076068663749,79.59677910804749,0.01,1.560568417708079,54.31266846361186,17.66223692893982
0.13399429619312286,57.3544261191518,79.92900800704956,0.01,1.8051170579592386,44.60916442048518,17.714979887008667
0.1411139965057373,54.76270615954224,79.46816802024841,0.01,1.6609787114461263,47.97843665768194,17.650171756744385
0.1354368031024933,57.8256479299899,79.57710719108582,0.01,1.6363686164220175,50.943396226415096,18.30050778388977
0.1471550464630127,51.127566475934024,79.53851294517517,0.01,1.8006598297754923,35.714285714285715,17.698198080062866
0.14294031262397766,52.339279703803435,79.63101172447205,0.01,1.4996386369069417,52.2911051212938,18.030740976333618
0.13558806478977203,55.83978458431504,79.41593384742737,0.01,1.6142782576878865,48.38274932614555,17.820640087127686
0.13923488557338715,54.15684954560754,79.4330940246582,0.01,1.537881228129069,49.056603773584904,17.789687871932983
0.13065387308597565,57.5563783237967,79.73041081428528,0.01,1.621882446606954,47.57412398921833,17.59222102165222
0.1359611302614212,56.24368899360485,79.69340491294861,0.01,1.5618002247810363,49.19137466307278,17.838181972503662
0.13874705135822296,54.42611915180075,79.22819995880127,0.01,1.6455877423286438,47.84366576819407,17.660999059677124
0.13458038866519928,55.301245371928644,79.37934494018555,0.01,1.465832314491272,53.63881401617251,17.646934986114502
0.1362724006175995,55.03197576573544,80.11153793334961,0.01,1.4683512401580812,52.56064690026954,17.701447010040283
0.13423274457454681,57.4217435207001,79.70097613334656,0.01,1.6951816908518473,44.74393530997305,17.646410942077637
0.14025460183620453,55.200269269606196,79.70611095428467,0.01,1.752470126946767,46.76549865229111,17.668447971343994
0.13854272663593292,55.301245371928644,79.7005980014801,0.01,1.5710790022214254,50.40431266846361,17.83358120918274
0.14728546142578125,53.012453719286434,79.47585701942444,0.01,1.6178917336463927,50.673854447439346,17.69262194633484
0.13919977843761444,56.04173678895995,79.30291390419006,0.01,1.627695344289144,49.59568733153639,17.624269247055054
0.13685785233974457,57.253450016829355,79.69065308570862,0.01,1.5108518441518148,54.44743935309974,17.644093990325928
0.13357242941856384,56.64759340289465,79.76971173286438,0.01,1.553499128818512,49.19137466307278,17.679888248443604
0.14307698607444763,52.20464490070683,79.91459202766418,0.01,1.5796086661020914,50.13477088948787,17.71425199508667
0.13521482050418854,54.83002356109055,80.08747696876526,0.01,1.5193786819775899,51.078167115902964,17.73019289970398
0.14335709810256958,53.98855604173679,79.83553194999695,0.01,1.5715032092730203,49.865229110512125,17.761255979537964
0.1316395103931427,58.3641871423763,79.4904670715332,0.01,1.72845462958018,46.76549865229111,17.669798851013184
0.13479654490947723,56.782228205991245,79.70656085014343,0.01,1.60458567460378,49.19137466307278,17.764831066131592
0.1385957896709442,55.772467182766746,79.75021481513977,0.01,1.5310820372899374,49.865229110512125,17.853759050369263
0.13479088246822357,57.32076741837765,80.494961977005,0.01,1.598326013882955,49.59568733153639,17.695441722869873
0.13052450120449066,58.53248064624705,79.66058921813965,0.01,1.6787987367312114,46.495956873315365,17.670795917510986
0.14739343523979187,50.72366206664422,79.68262600898743,0.01,1.6126488995552064,46.63072776280324,17.69132900238037
0.1468144655227661,50.82463816896667,79.75434279441833,0.01,1.559736231168111,50.943396226415096,17.89292311668396
